Workbook
Name ACTION: #REF!
Name ACTION: #REF!

Sheet Cover
B2: TEST REPORT DOCUMENT
A4: Project Name | B4: VISTA: Vision-Language-Action System for Tabletop Manipulation with Dual Robot Arms | E4: Creator
A5: Project Code | B5: FA26SE183 | E5: Issue Date | F5: 27/10/2026
A6: Document Code | B6: SEP490_FA26SE183_R2_TestReport_v0.2 | E6: Version
A9: Record of change
A10: Effective Date | B10: Version | C10: Change Item | D10: *A,D,M | E10: Change description | F10: Reference
A11: <Date when these changes are effective> | B11: 27/10/2026 | C11: 0.2 | D11: M | E11: Reconciled proposed test inventory; no execution result claimed | F11: BM01; traceability matrix; state-transition inventory

Sheet Test Cases
D1: TEST CASE LIST
B3: Project Name | D3: VISTA
B4: Project Code | D4: FA26SE183
B5: Test Environment Setup Description | D5: Isolated role-seeded NestJS API + controlled Supabase/PostgreSQL; CI/staging not yet verified
B8: No | C8: Function Name | D8: Sheet Name | E8: Description | F8: Pre-Condition
B9: 1 | C9: TC-FR01-01 — FR-01 Role-governed access | D9: Feature 1 | E9: Happy path: access a role-scoped API | F9: Seeded authorized identity and valid domain data
B10: 2 | C10: TC-FR01-02 — FR-01 Role-governed access | D10: Feature 1 | E10: Validation boundary: access a role-scoped API | F10: Seeded authorized identity
B11: 3 | C11: TC-FR01-03 — FR-01 Role-governed access | D11: Feature 1 | E11: Authorization boundary: cross-role/cross-organization access | F11: Seeded second organization and unauthorized identity
B12: 4 | C12: TC-FR02-01 — FR-02 Classroom robot allocation | D12: Feature 2 | E12: Happy path: allocate an entitled robot to an owned classroom | F12: Seeded authorized identity and valid domain data
B13: 5 | C13: TC-FR02-02 — FR-02 Classroom robot allocation | D13: Feature 2 | E13: Validation boundary: allocate an entitled robot to an owned classroom | F13: Seeded authorized identity
B14: 6 | C14: TC-FR02-03 — FR-02 Classroom robot allocation | D14: Feature 2 | E14: Authorization boundary: allocate an unentitled or foreign robot | F14: Seeded second organization and unauthorized identity
B15: 7 | C15: TC-FR03-01 — FR-03 Assignment publication | D15: Feature 3 | E15: Happy path: create and publish classroom work | F15: Seeded authorized identity and valid domain data
B16: 8 | C16: TC-FR03-02 — FR-03 Assignment publication | D16: Feature 3 | E16: Validation boundary: create and publish classroom work | F16: Seeded authorized identity
B17: 9 | C17: TC-FR03-03 — FR-03 Assignment publication | D17: Feature 3 | E17: Authorization boundary: publish into an unowned classroom | F17: Seeded second organization and unauthorized identity
B18: 10 | C18: TC-FR04-01 — FR-04 Immutable program submission | D18: Feature 4 | E18: Happy path: submit an owned immutable program version | F18: Seeded authorized identity and valid domain data
B19: 11 | C19: TC-FR04-02 — FR-04 Immutable program submission | D19: Feature 4 | E19: Validation boundary: submit an owned immutable program version | F19: Seeded authorized identity
B20: 12 | C20: TC-FR04-03 — FR-04 Immutable program submission | D20: Feature 4 | E20: Authorization boundary: submit another learner's version | F20: Seeded second organization and unauthorized identity
... B90: 82 | C90: TC-NFR06-01 — NFR | D90: NFR | E90: Test automation | F90: Valid review-2 tag and CI logs

Sheet Test Statistics
B1: TEST STATISTICS
B3: Project Name | C3: VISTA | E3: Creator
B4: Project Code | C4: FA26SE183 | E4: Reviewer/Approver
B5: Document Code | C5: =C4&"_"&"Test Report"&"_"&"vx.x" | E5: Issue Date | H5: 26/10/2026
B6: Notes | C6: <List modules included in this release> ex: Release 1 includes 2 modules: Module1 and Module2
B10: No | C10: Module code | D10: Passed | E10: Failed | F10: Pending | G10: N/A | H10: Number of test cases
B11: 1 | C11: Feature 1 | D11: =COUNTIF('Feature 1'!$F$12:$F$998,"Passed") | E11: =COUNTIF('Feature 1'!$F$12:$F$998,"Failed") | F11: =COUNTIF('Feature 1'!$F$12:$F$998,"Pending") | G11: =COUNTIF('Feature 1'!$F$12:$F$998,"N/A") | H11: 3
B12: 2 | C12: Feature 2 | D12: =COUNTIF('Feature 2'!$F$12:$F$998,"Passed") | E12: =COUNTIF('Feature 2'!$F$12:$F$998,"Failed") | F12: =COUNTIF('Feature 2'!$F$12:$F$998,"Pending") | G12: =COUNTIF('Feature 2'!$F$12:$F$998,"N/A") | H12: 3
B13: 3 | C13: Feature 3 | D13: =COUNTIF('Feature 3'!$F$12:$F$998,"Passed") | E13: =COUNTIF('Feature 3'!$F$12:$F$998,"Failed") | F13: =COUNTIF('Feature 3'!$F$12:$F$998,"Pending") | G13: =COUNTIF('Feature 3'!$F$12:$F$998,"N/A") | H13: 3
B14: 4 | C14: Feature 4 | D14: =COUNTIF('Feature 4'!$F$12:$F$998,"Passed") | E14: =COUNTIF('Feature 4'!$F$12:$F$998,"Failed") | F14: =COUNTIF('Feature 4'!$F$12:$F$998,"Pending") | G14: =COUNTIF('Feature 4'!$F$12:$F$998,"N/A") | H14: 3
B15: 5 | C15: Feature 5 | D15: =COUNTIF('Feature 5'!$F$12:$F$998,"Passed") | E15: =COUNTIF('Feature 5'!$F$12:$F$998,"Failed") | F15: =COUNTIF('Feature 5'!$F$12:$F$998,"Pending") | G15: =COUNTIF('Feature 5'!$F$12:$F$998,"N/A") | H15: 3
B16: 6 | C16: Feature 6 | D16: =COUNTIF('Feature 6'!$F$12:$F$998,"Passed") | E16: =COUNTIF('Feature 6'!$F$12:$F$998,"Failed") | F16: =COUNTIF('Feature 6'!$F$12:$F$998,"Pending") | G16: =COUNTIF('Feature 6'!$F$12:$F$998,"N/A") | H16: 3
B17: 7 | C17: Feature 7 | D17: =COUNTIF('Feature 7'!$F$12:$F$998,"Passed") | E17: =COUNTIF('Feature 7'!$F$12:$F$998,"Failed") | F17: =COUNTIF('Feature 7'!$F$12:$F$998,"Pending") | G17: =COUNTIF('Feature 7'!$F$12:$F$998,"N/A") | H17: 3
B18: 8 | C18: Feature 8 | D18: =COUNTIF('Feature 8'!$F$12:$F$998,"Passed") | E18: =COUNTIF('Feature 8'!$F$12:$F$998,"Failed") | F18: =COUNTIF('Feature 8'!$F$12:$F$998,"Pending") | G18: =COUNTIF('Feature 8'!$F$12:$F$998,"N/A") | H18: 3
B19: 9 | C19: Workflow Scenarios | D19: =COUNTIF('Workflow Scenarios'!$F$12:$F$998,"Passed") | E19: =COUNTIF('Workflow Scenarios'!$F$12:$F$998,"Failed") | F19: =COUNTIF('Workflow Scenarios'!$F$12:$F$998,"Pending") | G19: =COUNTIF('Workflow Scenarios'!$F$12:$F$998,"N/A") | H19: 4
B20: 10 | C20: State Transitions | D20: =COUNTIF('State Transitions'!$F$12:$F$998,"Passed") | E20: =COUNTIF('State Transitions'!$F$12:$F$998,"Failed") | F20: =COUNTIF('State Transitions'!$F$12:$F$998,"Pending") | G20: =COUNTIF('State Transitions'!$F$12:$F$998,"N/A") | H20: 48
B21: 11 | C21: NFR | D21: =COUNTIF('NFR'!$F$12:$F$998,"Passed") | E21: =COUNTIF('NFR'!$F$12:$F$998,"Failed") | F21: =COUNTIF('NFR'!$F$12:$F$998,"Pending") | G21: =COUNTIF('NFR'!$F$12:$F$998,"N/A") | H21: 6
C22: Sub total | D22: =SUM(D11:D21) | E22: =SUM(E11:E21) | F22: =SUM(F11:F21) | G22: =SUM(G11:G21) | H22: =SUM(H11:H21)
C24: Planned inventory | E24: =H22 | F24: cases (expected 82)
C25: Execution status | E25: PENDING — not evidence of execution

Sheet Feature 1
A2: Feature | B2: FR-01 Role-governed access | R2: Passed
A3: Test requirement | B3: access a role-scoped API | R3: Failed
A4: Number of TCs | B4: =COUNTA(A12:A998) | R4: Pending
A5: Testing Round | B5: Passed | C5: Failed | D5: Pending | E5: N/A | R5: N/A
A6: Round 1 | B6: =COUNTIF($F10:$F998,B5) | C6: =COUNTIF($F10:$F998,C5) | D6: =COUNTIF($F10:$F998,D5) | E6: =COUNTIF($F10:$F998,E5)
A7: Round 2 | B7: =COUNTIF($F10:$F998,B5) | C7: =COUNTIF($F10:$F998,C5) | D7: =COUNTIF($F10:$F998,D5) | E7: =COUNTIF($F10:$F998,E5)
A8: Round 3 | B8: =COUNTIF($F10:$F998,B5) | C8: =COUNTIF($F10:$F998,C5) | D8: =COUNTIF($F10:$F998,D5) | E8: =COUNTIF($F10:$F998,E5)
A10: Test Case ID | B10: Test Case Description | C10: Test Case Procedure | D10: Expected Results | E10: Pre-conditions | F10: Round 1 | G10: Test date | H10: Tester | I10: Round 2 | J10: Test date | K10: Tester | L10: Round 3 | M10: Test date | N10: Tester | O10: Note
A11: Function A
A12: TC-FR01-01 | B12: Happy path: access a role-scoped API | C12: Authenticate as all roles; prepare valid scoped data; perform the operation. | D12: Request succeeds and the intended record/state is persisted. | E12: Seeded authorized identity and valid domain data | F12: Pending | I12: Pending | L12: Pending | O12: Proposed; not executed
A13: TC-FR01-02 | B13: Validation boundary: access a role-scoped API | C13: Submit a required field missing or an invalid state/value. | D13: Request is rejected with a deterministic validation/domain error; no partial write. | E13: Seeded authorized identity | F13: Pending | I13: Pending | L13: Pending | O13: Proposed; not executed
A14: TC-FR01-03 | B14: Authorization boundary: cross-role/cross-organization access | C14: Use a different role, learner, classroom, or organization against the same operation. | D14: Request is denied without leaking or changing out-of-scope data. | E14: Seeded second organization and unauthorized identity | F14: Pending | I14: Pending | L14: Pending | O14: Proposed; not executed

Sheet Feature 2
A2: Feature | B2: FR-02 Classroom robot allocation | R2: Passed
A3: Test requirement | B3: allocate an entitled robot to an owned classroom | R3: Failed
A4: Number of TCs | B4: =COUNTA(A12:A998) | R4: Pending
A5: Testing Round | B5: Passed | C5: Failed | D5: Pending | E5: N/A | R5: N/A
A6: Round 1 | B6: =COUNTIF($F10:$F996,B5) | C6: =COUNTIF($F10:$F996,C5) | D6: =COUNTIF($F10:$F996,D5) | E6: =COUNTIF($F10:$F996,E5)
A7: Round 2 | B7: =COUNTIF($F10:$F996,B5) | C7: =COUNTIF($F10:$F996,C5) | D7: =COUNTIF($F10:$F996,D5) | E7: =COUNTIF($F10:$F996,E5)
A8: Round 3 | B8: =COUNTIF($F10:$F996,B5) | C8: =COUNTIF($F10:$F996,C5) | D8: =COUNTIF($F10:$F996,D5) | E8: =COUNTIF($F10:$F996,E5)
A10: Test Case ID | B10: Test Case Description | C10: Test Case Procedure | D10: Expected Results | E10: Pre-conditions | F10: Round 1 | G10: Test date | H10: Tester | I10: Round 2 | J10: Test date | K10: Tester | L10: Round 3 | M10: Test date | N10: Tester | O10: Note
A11: Function D
A12: TC-FR02-01 | B12: Happy path: allocate an entitled robot to an owned classroom | C12: Authenticate as school admin; prepare valid scoped data; perform the operation. | D12: Request succeeds and the intended record/state is persisted. | E12: Seeded authorized identity and valid domain data | F12: Pending | I12: Pending | L12: Pending | O12: Proposed; not executed
A13: TC-FR02-02 | B13: Validation boundary: allocate an entitled robot to an owned classroom | C13: Submit a required field missing or an invalid state/value. | D13: Request is rejected with a deterministic validation/domain error; no partial write. | E13: Seeded authorized identity | F13: Pending | I13: Pending | L13: Pending | O13: Proposed; not executed
A14: TC-FR02-03 | B14: Authorization boundary: allocate an unentitled or foreign robot | C14: Use a different role, learner, classroom, or organization against the same operation. | D14: Request is denied without leaking or changing out-of-scope data. | E14: Seeded second organization and unauthorized identity | F14: Pending | I14: Pending | L14: Pending | O14: Proposed; not executed

Sheet Feature 3
A2: Feature | B2: FR-03 Assignment publication | R2: Passed
A3: Test requirement | B3: create and publish classroom work | R3: Failed
A4: Number of TCs | B4: =COUNTA(A12:A998) | R4: Pending
A5: Testing Round | B5: Passed | C5: Failed | D5: Pending | E5: N/A | R5: N/A
A6: Round 1 | B6: =COUNTIF($F10:$F998,B5) | C6: =COUNTIF($F10:$F998,C5) | D6: =COUNTIF($F10:$F998,D5) | E6: =COUNTIF($F10:$F998,E5)
A7: Round 2 | B7: =COUNTIF($F10:$F998,B5) | C7: =COUNTIF($F10:$F998,C5) | D7: =COUNTIF($F10:$F998,D5) | E7: =COUNTIF($F10:$F998,E5)
A8: Round 3 | B8: =COUNTIF($F10:$F998,B5) | C8: =COUNTIF($F10:$F998,C5) | D8: =COUNTIF($F10:$F998,D5) | E8: =COUNTIF($F10:$F998,E5)
A10: Test Case ID | B10: Test Case Description | C10: Test Case Procedure | D10: Expected Results | E10: Pre-conditions | F10: Round 1 | G10: Test date | H10: Tester | I10: Round 2 | J10: Test date | K10: Tester | L10: Round 3 | M10: Test date | N10: Tester | O10: Note
A11: Function A
A12: TC-FR03-01 | B12: Happy path: create and publish classroom work | C12: Authenticate as teacher; prepare valid scoped data; perform the operation. | D12: Request succeeds and the intended record/state is persisted. | E12: Seeded authorized identity and valid domain data | F12: Pending | I12: Pending | L12: Pending | O12: Proposed; not executed
A13: TC-FR03-02 | B13: Validation boundary: create and publish classroom work | C13: Submit a required field missing or an invalid state/value. | D13: Request is rejected with a deterministic validation/domain error; no partial write. | E13: Seeded authorized identity | F13: Pending | I13: Pending | L13: Pending | O13: Proposed; not executed
A14: TC-FR03-03 | B14: Authorization boundary: publish into an unowned classroom | C14: Use a different role, learner, classroom, or organization against the same operation. | D14: Request is denied without leaking or changing out-of-scope data. | E14: Seeded second organization and unauthorized identity | F14: Pending | I14: Pending | L14: Pending | O14: Proposed; not executed

Sheet Feature 4
A2: Feature | B2: FR-04 Immutable program submission | R2: Passed
A3: Test requirement | B3: submit an owned immutable program version | R3: Failed
A4: Number of TCs | B4: =COUNTA(A12:A998) | R4: Pending
A5: Testing Round | B5: Passed | C5: Failed | D5: Pending | E5: N/A | R5: N/A
A6: Round 1 | B6: =COUNTIF($F10:$F998,B5) | C6: =COUNTIF($F10:$F998,C5) | D6: =COUNTIF($F10:$F998,D5) | E6: =COUNTIF($F10:$F998,E5)
A7: Round 2 | B7: =COUNTIF($F10:$F998,B5) | C7: =COUNTIF($F10:$F998,C5) | D7: =COUNTIF($F10:$F998,D5) | E7: =COUNTIF($F10:$F998,E5)
A8: Round 3 | B8: =COUNTIF($F10:$F998,B5) | C8: =COUNTIF($F10:$F998,C5) | D8: =COUNTIF($F10:$F998,D5) | E8: =COUNTIF($F10:$F998,E5)
A10: Test Case ID | B10: Test Case Description | C10: Test Case Procedure | D10: Expected Results | E10: Pre-conditions | F10: Round 1 | G10: Test date | H10: Tester | I10: Round 2 | J10: Test date | K10: Tester | L10: Round 3 | M10: Test date | N10: Tester | O10: Note
A11: Function A
A12: TC-FR04-01 | B12: Happy path: submit an owned immutable program version | C12: Authenticate as student; prepare valid scoped data; perform the operation. | D12: Request succeeds and the intended record/state is persisted. | E12: Seeded authorized identity and valid domain data | F12: Pending | I12: Pending | L12: Pending | O12: Proposed; not executed
A13: TC-FR04-02 | B13: Validation boundary: submit an owned immutable program version | C13: Submit a required field missing or an invalid state/value. | D13: Request is rejected with a deterministic validation/domain error; no partial write. | E13: Seeded authorized identity | F13: Pending | I13: Pending | L13: Pending | O13: Proposed; not executed
A14: TC-FR04-03 | B14: Authorization boundary: submit another learner's version | C14: Use a different role, learner, classroom, or organization against the same operation. | D14: Request is denied without leaking or changing out-of-scope data. | E14: Seeded second organization and unauthorized identity | F14: Pending | I14: Pending | L14: Pending | O14: Proposed; not executed

Sheet Feature 5
A2: Feature | B2: FR-05 Schematic experiment | R2: Passed
A3: Test requirement | B3: run and persist a schematic experiment | R3: Failed
A4: Number of TCs | B4: =COUNTA(A12:A998) | R4: Pending
A5: Testing Round | B5: Passed | C5: Failed | D5: Pending | E5: N/A | R5: N/A
A6: Round 1 | B6: =COUNTIF($F10:$F998,B5) | C6: =COUNTIF($F10:$F998,C5) | D6: =COUNTIF($F10:$F998,D5) | E6: =COUNTIF($F10:$F998,E5)
A7: Round 2 | B7: =COUNTIF($F10:$F998,B5) | C7: =COUNTIF($F10:$F998,C5) | D7: =COUNTIF($F10:$F998,D5) | E7: =COUNTIF($F10:$F998,E5)
A8: Round 3 | B8: =COUNTIF($F10:$F998,B5) | C8: =COUNTIF($F10:$F998,C5) | D8: =COUNTIF($F10:$F998,D5) | E8: =COUNTIF($F10:$F998,E5)
A10: Test Case ID | B10: Test Case Description | C10: Test Case Procedure | D10: Expected Results | E10: Pre-conditions | F10: Round 1 | G10: Test date | H10: Tester | I10: Round 2 | J10: Test date | K10: Tester | L10: Round 3 | M10: Test date | N10: Tester | O10: Note
A11: Function A
A12: TC-FR05-01 | B12: Happy path: run and persist a schematic experiment | C12: Authenticate as student; prepare valid scoped data; perform the operation. | D12: Request succeeds and the intended record/state is persisted. | E12: Seeded authorized identity and valid domain data | F12: Pending | I12: Pending | L12: Pending | O12: Proposed; not executed
A13: TC-FR05-02 | B13: Validation boundary: run and persist a schematic experiment | C13: Submit a required field missing or an invalid state/value. | D13: Request is rejected with a deterministic validation/domain error; no partial write. | E13: Seeded authorized identity | F13: Pending | I13: Pending | L13: Pending | O13: Proposed; not executed
A14: TC-FR05-03 | B14: Authorization boundary: run outside the learner scope | C14: Use a different role, learner, classroom, or organization against the same operation. | D14: Request is denied without leaking or changing out-of-scope data. | E14: Seeded second organization and unauthorized identity | F14: Pending | I14: Pending | L14: Pending | O14: Proposed; not executed

Sheet Feature 6
A2: Feature | B2: FR-06 Physical execution boundary | R2: Passed
A3: Test requirement | B3: request an eligible bounded physical run | R3: Failed
A4: Number of TCs | B4: =COUNTA(A12:A998) | R4: Pending
A5: Testing Round | B5: Passed | C5: Failed | D5: Pending | E5: N/A | R5: N/A
A6: Round 1 | B6: =COUNTIF($F10:$F998,B5) | C6: =COUNTIF($F10:$F998,C5) | D6: =COUNTIF($F10:$F998,D5) | E6: =COUNTIF($F10:$F998,E5)
A7: Round 2 | B7: =COUNTIF($F10:$F998,B5) | C7: =COUNTIF($F10:$F998,C5) | D7: =COUNTIF($F10:$F998,D5) | E7: =COUNTIF($F10:$F998,E5)
A8: Round 3 | B8: =COUNTIF($F10:$F998,B5) | C8: =COUNTIF($F10:$F998,C5) | D8: =COUNTIF($F10:$F998,D5) | E8: =COUNTIF($F10:$F998,E5)
A10: Test Case ID | B10: Test Case Description | C10: Test Case Procedure | D10: Expected Results | E10: Pre-conditions | F10: Round 1 | G10: Test date | H10: Tester | I10: Round 2 | J10: Test date | K10: Tester | L10: Round 3 | M10: Test date | N10: Tester | O10: Note
A11: Function A
A12: TC-FR06-01 | B12: Happy path: request an eligible bounded physical run | C12: Authenticate as student/runtime; prepare valid scoped data; perform the operation. | D12: Request succeeds and the intended record/state is persisted. | E12: Seeded authorized identity and valid domain data | F12: Pending | I12: Pending | L12: Pending | O12: Proposed; not executed
A13: TC-FR06-02 | B13: Validation boundary: request an eligible bounded physical run | C13: Submit a required field missing or an invalid state/value. | D13: Request is rejected with a deterministic validation/domain error; no partial write. | E13: Seeded authorized identity | F13: Pending | I13: Pending | L13: Pending | O13: Proposed; not executed
A14: TC-FR06-03 | B14: Authorization boundary: report success after unavailable/unsafe execution | C14: Use a different role, learner, classroom, or organization against the same operation. | D14: Request is denied without leaking or changing out-of-scope data. | E14: Seeded second organization and unauthorized identity | F14: Pending | I14: Pending | L14: Pending | O14: Proposed; not executed

Sheet Feature 7
A2: Feature | B2: FR-07 Assessment and feedback | R2: Passed
A3: Test requirement | B3: assess work and publish/read scoped feedback | R3: Failed
A4: Number of TCs | B4: =COUNTA(A12:A998) | R4: Pending
A5: Testing Round | B5: Passed | C5: Failed | D5: Pending | E5: N/A | R5: N/A
A6: Round 1 | B6: =COUNTIF($F10:$F998,B5) | C6: =COUNTIF($F10:$F998,C5) | D6: =COUNTIF($F10:$F998,D5) | E6: =COUNTIF($F10:$F998,E5)
A7: Round 2 | B7: =COUNTIF($F10:$F998,B5) | C7: =COUNTIF($F10:$F998,C5) | D7: =COUNTIF($F10:$F998,D5) | E7: =COUNTIF($F10:$F998,E5)
A8: Round 3 | B8: =COUNTIF($F10:$F998,B5) | C8: =COUNTIF($F10:$F998,C5) | D8: =COUNTIF($F10:$F998,D5) | E8: =COUNTIF($F10:$F998,E5)
A10: Test Case ID | B10: Test Case Description | C10: Test Case Procedure | D10: Expected Results | E10: Pre-conditions | F10: Round 1 | G10: Test date | H10: Tester | I10: Round 2 | J10: Test date | K10: Tester | L10: Round 3 | M10: Test date | N10: Tester | O10: Note
A11: Function A
A12: TC-FR07-01 | B12: Happy path: assess work and publish/read scoped feedback | C12: Authenticate as teacher/student; prepare valid scoped data; perform the operation. | D12: Request succeeds and the intended record/state is persisted. | E12: Seeded authorized identity and valid domain data | F12: Pending | I12: Pending | L12: Pending | O12: Proposed; not executed
A13: TC-FR07-02 | B13: Validation boundary: assess work and publish/read scoped feedback | C13: Submit a required field missing or an invalid state/value. | D13: Request is rejected with a deterministic validation/domain error; no partial write. | E13: Seeded authorized identity | F13: Pending | I13: Pending | L13: Pending | O13: Proposed; not executed
A14: TC-FR07-03 | B14: Authorization boundary: review or read a foreign submission | C14: Use a different role, learner, classroom, or organization against the same operation. | D14: Request is denied without leaking or changing out-of-scope data. | E14: Seeded second organization and unauthorized identity | F14: Pending | I14: Pending | L14: Pending | O14: Proposed; not executed

Sheet Feature 8
A2: Feature | B2: FR-08 AI/model provenance | R2: Passed
A3: Test requirement | B3: read traceable AI/model/dataset metadata | R3: Failed
A4: Number of TCs | B4: =COUNTA(A12:A998) | R4: Pending
A5: Testing Round | B5: Passed | C5: Failed | D5: Pending | E5: N/A | R5: N/A
A6: Round 1 | B6: =COUNTIF($F10:$F998,B5) | C6: =COUNTIF($F10:$F998,C5) | D6: =COUNTIF($F10:$F998,D5) | E6: =COUNTIF($F10:$F998,E5)
A7: Round 2 | B7: =COUNTIF($F10:$F998,B5) | C7: =COUNTIF($F10:$F998,C5) | D7: =COUNTIF($F10:$F998,D5) | E7: =COUNTIF($F10:$F998,E5)
A8: Round 3 | B8: =COUNTIF($F10:$F998,B5) | C8: =COUNTIF($F10:$F998,C5) | D8: =COUNTIF($F10:$F998,D5) | E8: =COUNTIF($F10:$F998,E5)
A10: Test Case ID | B10: Test Case Description | C10: Test Case Procedure | D10: Expected Results | E10: Pre-conditions | F10: Round 1 | G10: Test date | H10: Tester | I10: Round 2 | J10: Test date | K10: Tester | L10: Round 3 | M10: Test date | N10: Tester | O10: Note
A11: Function A
A12: TC-FR08-01 | B12: Happy path: read traceable AI/model/dataset metadata | C12: Authenticate as student/teacher; prepare valid scoped data; perform the operation. | D12: Request succeeds and the intended record/state is persisted. | E12: Seeded authorized identity and valid domain data | F12: Pending | I12: Pending | L12: Pending | O12: Proposed; not executed
A13: TC-FR08-02 | B13: Validation boundary: read traceable AI/model/dataset metadata | C13: Submit a required field missing or an invalid state/value. | D13: Request is rejected with a deterministic validation/domain error; no partial write. | E13: Seeded authorized identity | F13: Pending | I13: Pending | L13: Pending | O13: Proposed; not executed
A14: TC-FR08-03 | B14: Authorization boundary: report unavailable provider work as successful | C14: Use a different role, learner, classroom, or organization against the same operation. | D14: Request is denied without leaking or changing out-of-scope data. | E14: Seeded second organization and unauthorized identity | F14: Pending | I14: Pending | L14: Pending | O14: Proposed; not executed

Sheet Workflow Scenarios
A2: Feature | B2: Workflow Scenarios | R2: Passed
A3: Test requirement | B3: Four mandatory main workflow scenarios | R3: Failed
A4: Number of TCs | B4: =COUNTA(A12:A998) | R4: Pending
A5: Testing Round | B5: Passed | C5: Failed | D5: Pending | E5: N/A | R5: N/A
A6: Round 1 | B6: =COUNTIF($F10:$F998,B5) | C6: =COUNTIF($F10:$F998,C5) | D6: =COUNTIF($F10:$F998,D5) | E6: =COUNTIF($F10:$F998,E5)
A7: Round 2 | B7: =COUNTIF($F10:$F998,B5) | C7: =COUNTIF($F10:$F998,C5) | D7: =COUNTIF($F10:$F998,D5) | E7: =COUNTIF($F10:$F998,E5)
A8: Round 3 | B8: =COUNTIF($F10:$F998,B5) | C8: =COUNTIF($F10:$F998,C5) | D8: =COUNTIF($F10:$F998,D5) | E8: =COUNTIF($F10:$F998,E5)
A10: Test Case ID | B10: Test Case Description | C10: Test Case Procedure | D10: Expected Results | E10: Pre-conditions | F10: Round 1 | G10: Test date | H10: Tester | I10: Round 2 | J10: Test date | K10: Tester | L10: Round 3 | M10: Test date | N10: Tester | O10: Note
A11: Function A
A12: TC-WF01-01 | B12: WF-01 school administration and robot allocation | C12: Open owned classroom; select eligible robot; replace allocation. | D12: Exactly one visible scoped allocation is persisted. | E12: Seeded school admin, classroom, entitlements | F12: Pending | I12: Pending | L12: Pending | O12: Main workflow
A13: TC-WF02-01 | B13: WF-02 learning assignment and submission | C13: Teacher publishes work; learner starts attempt and submits owned program version. | D13: Published assignment and immutable submission are traceable. | E13: Seeded teacher, learner, classroom | F13: Pending | I13: Pending | L13: Pending | O13: Main workflow
A14: TC-WF03-01 | B14: WF-03 experiment execution and evaluation | C14: Create schematic experiment; run; evaluate; retrieve result/evidence. | D14: Truthful terminal state, result, and evidence are persisted. | E14: Seeded eligible attempt and experiment | F14: Pending | I14: Pending | L14: Pending | O14: Main workflow; physical E2E remains blocked
A15: TC-WF04-01 | B15: WF-04 teacher review and AI/data evidence | C15: Teacher assesses; publishes feedback; learner reads and reflects. | D15: Assessment, feedback and reflection remain scoped and traceable. | E15: Seeded submitted work and authorized teacher | F15: Pending | I15: Pending | L15: Pending | O15: Main workflow

Sheet State Transitions
A2: Feature | B2: State Transitions | R2: Passed
A3: Test requirement | B3: 40 valid and 8 invalid state-transition tests | R3: Failed
A4: Number of TCs | B4: =COUNTA(A12:A998) | R4: Pending
A5: Testing Round | B5: Passed | C5: Failed | D5: Pending | E5: N/A | R5: N/A
A6: Round 1 | B6: =COUNTIF($F10:$F998,B5) | C6: =COUNTIF($F10:$F998,C5) | D6: =COUNTIF($F10:$F998,D5) | E6: =COUNTIF($F10:$F998,E5)
A7: Round 2 | B7: =COUNTIF($F10:$F998,B5) | C7: =COUNTIF($F10:$F998,C5) | D7: =COUNTIF($F10:$F998,D5) | E7: =COUNTIF($F10:$F998,E5)
A8: Round 3 | B8: =COUNTIF($F10:$F998,B5) | C8: =COUNTIF($F10:$F998,C5) | D8: =COUNTIF($F10:$F998,D5) | E8: =COUNTIF($F10:$F998,E5)
A10: Test Case ID | B10: Test Case Description | C10: Test Case Procedure | D10: Expected Results | E10: Pre-conditions | F10: Round 1 | G10: Test date | H10: Tester | I10: Round 2 | J10: Test date | K10: Tester | L10: Round 3 | M10: Test date | N10: Tester | O10: Note
A11: Function A
A12: ST-EXP-01 | B12: Requested → Authorized | C12: Attempt transition Requested → Authorized. | D12: Allowed when scope and permission pass | E12: Entity is in Requested state with a seeded authorized actor. | F12: Pending | I12: Pending | L12: Pending | O12: Valid transition
A13: ST-EXP-02 | B13: Requested → Rejected | C13: Attempt transition Requested → Rejected. | D13: Allowed when scope or permission fails | E13: Entity is in Requested state with a seeded authorized actor. | F13: Pending | I13: Pending | L13: Pending | O13: Valid transition
A14: ST-EXP-03 | B14: Authorized → Queued | C14: Attempt transition Authorized → Queued. | D14: Allowed after resource allocation | E14: Entity is in Authorized state with a seeded authorized actor. | F14: Pending | I14: Pending | L14: Pending | O14: Valid transition
A15: ST-EXP-04 | B15: Queued → Running | C15: Attempt transition Queued → Running. | D15: Allowed when runtime is available | E15: Entity is in Queued state with a seeded authorized actor. | F15: Pending | I15: Pending | L15: Pending | O15: Valid transition
A16: ST-EXP-05 | B16: Queued → Cancelled | C16: Attempt transition Queued → Cancelled. | D16: Allowed before run | E16: Entity is in Queued state with a seeded authorized actor. | F16: Pending | I16: Pending | L16: Pending | O16: Valid transition
A17: ST-EXP-06 | B17: Running → Completed | C17: Attempt transition Running → Completed. | D17: Allowed on successful terminal result | E17: Entity is in Running state with a seeded authorized actor. | F17: Pending | I17: Pending | L17: Pending | O17: Valid transition
A18: ST-EXP-07 | B18: Running → Failed | C18: Attempt transition Running → Failed. | D18: Allowed on runtime error | E18: Entity is in Running state with a seeded authorized actor. | F18: Pending | I18: Pending | L18: Pending | O18: Valid transition
A19: ST-EXP-08 | B19: Running → Cancelled | C19: Attempt transition Running → Cancelled. | D19: Allowed on stop or timeout | E19: Entity is in Running state with a seeded authorized actor. | F19: Pending | I19: Pending | L19: Pending | O19: Valid transition
A20: ST-EXP-09 | B20: Completed → Archived | C20: Attempt transition Completed → Archived. | D20: Allowed by retention/close action | E20: Entity is in Completed state with a seeded authorized actor. | F20: Pending | I20: Pending | L20: Pending | O20: Valid transition
A21: ST-EXP-10 | B21: Failed → Archived | C21: Attempt transition Failed → Archived. | D21: Allowed after outcome recording | E21: Entity is in Failed state with a seeded authorized actor. | F21: Pending | I21: Pending | L21: Pending | O21: Valid transition
A22: ST-EXP-11 | B22: Cancelled → Archived | C22: Attempt transition Cancelled → Archived. | D22: Allowed after outcome recording | E22: Entity is in Cancelled state with a seeded authorized actor. | F22: Pending | I22: Pending | L22: Pending | O22: Valid transition
A23: ST-EXP-12 | B23: Requested → Completed | C23: Attempt transition Requested → Completed. | D23: Rejected because authorization/execution were skipped | E23: Entity is in Requested state with a seeded authorized actor. | F23: Pending | I23: Pending | L23: Pending | O23: Invalid transition; rejection required
... A59: ST-ASG-10 | B59: Archived → Published | C59: Attempt transition Archived → Published. | D59: Rejected because archived is terminal | E59: Entity is in Archived state with a seeded authorized actor. | F59: Pending | I59: Pending | L59: Pending | O59: Invalid transition; rejection required

Sheet NFR
A2: Feature | B2: NFR | R2: Passed
A3: Test requirement | B3: Six measurable non-functional requirements | R3: Failed
A4: Number of TCs | B4: =COUNTA(A12:A998) | R4: Pending
A5: Testing Round | B5: Passed | C5: Failed | D5: Pending | E5: N/A | R5: N/A
A6: Round 1 | B6: =COUNTIF($F10:$F998,B5) | C6: =COUNTIF($F10:$F998,C5) | D6: =COUNTIF($F10:$F998,D5) | E6: =COUNTIF($F10:$F998,E5)
A7: Round 2 | B7: =COUNTIF($F10:$F998,B5) | C7: =COUNTIF($F10:$F998,C5) | D7: =COUNTIF($F10:$F998,D5) | E7: =COUNTIF($F10:$F998,E5)
A8: Round 3 | B8: =COUNTIF($F10:$F998,B5) | C8: =COUNTIF($F10:$F998,C5) | D8: =COUNTIF($F10:$F998,D5) | E8: =COUNTIF($F10:$F998,E5)
A10: Test Case ID | B10: Test Case Description | C10: Test Case Procedure | D10: Expected Results | E10: Pre-conditions | F10: Round 1 | G10: Test date | H10: Tester | I10: Round 2 | J10: Test date | K10: Tester | L10: Round 3 | M10: Test date | N10: Tester | O10: Note
A11: Function A
A12: TC-NFR01-01 | B12: Authorization isolation | C12: Run the predefined cross-role and cross-organization negative suite. | D12: 100% of forbidden accesses are rejected without disclosure. | E12: Two seeded organizations and all roles | F12: Pending | I12: Pending | L12: Pending | O12: Target; execution pending
A13: TC-NFR02-01 | B13: Runtime safety/reliability | C13: Exercise duplicate, unavailable, timeout, stop and communication-loss cases. | D13: No false successful terminal result; error/terminal evidence exists. | E13: Mock runtime; hardware test separately supervised | F13: Pending | I13: Pending | L13: Pending | O13: Mock portion proposed; hardware blocked
A14: TC-NFR03-01 | B14: API responsiveness | C14: Run a timestamped authenticated API load test on declared staging data. | D14: Ordinary API p95 is at most 3 seconds. | E14: Declared staging configuration and dataset | F14: Pending | I14: Pending | L14: Pending | O14: Target; execution pending
A15: TC-NFR04-01 | B15: Runtime acknowledgement | C15: Measure accepted physical command to acknowledgement or explicit timeout. | D15: Acknowledgement or timeout occurs within 5 seconds. | E15: Instrumented client/runtime | F15: Pending | I15: Pending | L15: Pending | O15: Target; physical environment blocked
A16: TC-NFR05-01 | B16: Execution traceability | C16: Query executed runs for actor, activity, resource/configuration, timestamps and terminal state. | D16: 100% of sampled executed runs contain every required field. | E16: Seeded executions | F16: Pending | I16: Pending | L16: Pending | O16: Target; execution pending
A17: TC-NFR06-01 | B17: Test automation | C17: Reconcile committed inventory with tagged CI logs. | D17: At least 50% automated; main workflows 100%; total pass rate at least 90%. | E17: Valid review-2 tag and CI logs | F17: Pending | I17: Pending | L17: Pending | O17: Target; blocked until tagged revision
